comm,nodes,edges,stops_as_trajectories,stops_as_users,pois,poi_types,avg_distance,moves_as_trajectories,moves_as_users,avg_stop_time,avg_move_time,comm,ce,te,cp
104,4,3,181,155,20,7,3.05984329107011,2,2,1.15927596233421560138,1.36097263888076,104,3,4,0.75000000000000000000
111,20,212,1012,513,82,12,1.24867355609225,149,106,1.33658447601472223430,1.00428574399476,111,212,217,0.97695852534562211982
114,3,2,239,168,16,6,4.7160144503103,1,1,1.01771265780698518924,8.3188911110825,114,2,3,0.66666666666666666667
115,5,8,273,183,21,7,1.95706033528137,10,7,1.14598169111452059679,1.43601923612257,115,8,15,0.53333333333333333333
17,6,7,329,246,24,10,3.71752977197992,5,5,1.05666726187924935834,3.42567628968803,17,7,13,0.53846153846153846154
2,3,2,131,100,15,8,4.48818923075634,2,2,1.32508919366811624075,0.484861388901869,2,2,3,0.66666666666666666667
26,3,2,149,121,10,6,1.53369659845524,2,2,1.13301135711991926014,0.220555972192023,26,2,3,0.66666666666666666667
27,2,2,164,114,12,6,0.292555374420425,12,10,1.17484260324585780278,0.999180532406878,27,2,3,0.66666666666666666667
39,21,74,1139,835,78,11,2.14920358428977,70,62,1.17357504848499705630,1.35754759705838,39,74,85,0.87058823529411764706
45,4,4,282,157,17,9,5.99619419371549,4,2,1.32670834028301764710,0.96083371527493,45,4,5,0.80000000000000000000
48,4,3,188,150,16,9,2.95827300235735,2,2,1.04697140965309565938,3.2398156481319,48,3,5,0.60000000000000000000
5,8,15,337,283,31,11,2.31876368380661,6,6,1.13119418191486635988,2.3755007407312,5,15,24,0.62500000000000000000
56,5,5,203,154,22,9,1.7216819465186,4,4,1.31511849033243414926,0.235722611109416,56,5,6,0.83333333333333333333
6,4,5,263,202,19,9,1.34337288460356,7,5,0.97163354667656574350,0.846194981484501,6,5,6,0.83333333333333333333
60,10,12,616,469,40,11,2.13483266754975,9,9,1.00693144496282514108,2.7771070601598,60,12,21,0.57142857142857142857
74,3,2,225,171,10,6,7.40552731878204,3,3,1.18212552923875742597,1.64604250000583,74,2,3,0.66666666666666666667
78,3,2,111,85,11,6,0.86350307412374,2,2,1.10988121308699744841,3.91944694442881,78,2,3,0.66666666666666666667
83,6,8,481,384,29,11,2.24528122578627,12,12,1.02362160453500321876,1.82987932985855,83,8,9,0.88888888888888888889
85,4,3,189,160,14,11,3.11104320716196,3,3,0.98689593529834803965,2.15092648148537,85,3,5,0.60000000000000000000
